competition,n,accuracy
Série A,4789.0,0.5318438087283358
Premier League,332.0,0.5271084337349398
